Property,PropertyCode,UoM,Category,Type_substance,Chemical_group,Limit,Type_Limit
"1,1,1,2-tetrachloroethane",CAS_630-20-6,µg/L,NonWFD,Industrial Chemical,Not specified,,
"1,1,1,3-tetrachloropropane",CAS_1070-78-6,µg/L,NonWFD,Industrial Chemical,Not specified,,
"1,1,1-trichloroethane",CAS_71-55-6,µg/L,NonWFD,Industrial Chemical,Not specified,,
"1,1,2,2-tetrachloroethane",CAS_79-34-5,µg/L,NonWFD,Industrial Chemical,Not specified,,
"1,1,2-trichloroethane",CAS_79-00-5,µg/L,NonWFD,Industrial Chemical,Not specified,,
"1,1-dichloroethane",CAS_75-34-3,µg/L,NonWFD,Industrial Chemical,Not specified,,
"1,1-dichloroethene",CAS_75-35-4,µg/L,NonWFD,Industrial Chemical,Not specified,,
"1,1-dichloropropene",CAS_563-58-6,µg/L,NonWFD,Industrial Chemical,Not specified,,
"1,2,3-trichlorobenzene",CAS_87-61-6,µg/L,NonWFD,Industrial Chemical,Not specified,,
"1,2,3-trichloropropane",CAS_96-18-4,µg/L,NonWFD,Industrial Chemical,Not specified,,
"1,2,4-trichlorobenzene",CAS_120-82-1,µg/L,NonWFD,Industrial Chemical,Not specified,,
"1,2,4-trimethylbenzene",CAS_95-63-6,µg/L,NonWFD,Industrial Chemical,Not specified,,
"1,2,5,6,9,10-hexabromocyclododecane",CAS_3194-55-6,µg/L,NonWFD,Industrial Chemical,Not specified,,
"1,2-dibromo-3-chloropropane",CAS_96-12-8,µg/L,NonWFD,Pesticide,Not specified,,
"1,2-dibromoethane",CAS_106-93-4,µg/L,NonWFD,Industrial Chemical,Not specified,,
"1,2-dichlorobenzene",CAS_95-50-1,µg/L,NonWFD,Pesticide,Not specified,,
"1,2-dichloroethane",CAS_107-06-2,µg/L,WFD,Industrial Chemical,Not specified,10,AA EQS Inland
"1,2-dichloroethene",CAS_540-59-0,µg/L,NonWFD,Industrial Chemical,Not specified,,
"1,2-dichloropropane",CAS_78-87-5,µg/L,NonWFD,Industrial Chemical,Not specified,,
"1,3,5,7,9,11-hexabromocyclododecane",CAS_25637-99-4,µg/L,NonWFD,Industrial Chemical,Not specified,,
"1,3,5-trichlorobenzene",CAS_108-70-3,µg/L,NonWFD,Industrial Chemical,Not specified,,
"1,3,5-trimethylbenzene",CAS_108-67-8,µg/L,NonWFD,Industrial Chemical,Not specified,,
"1,3-dichlorobenzene",CAS_541-73-1,µg/L,NonWFD,Industrial Chemical,Not specified,,
"1,3-dichloropropane",CAS_142-28-9,µg/L,NonWFD,Pesticide,Not specified,,
"1,3-dichloropropene",CAS_542-75-6,µg/L,NonWFD,Pesticide,Not specified,,
"1,4-dichlorobenzene",CAS_106-46-7,µg/L,NonWFD,Pesticide,Not specified,,
"1,4-dioxane",CAS_123-91-1,µg/L,NonWFD,Industrial Chemical,Not specified,,
17alpha-ethinylestradiol (EE2),CAS_57-63-6,µg/L,NonWFD,Pharmaceutical,Not specified,,
17beta-estradiol (E2),CAS_50-28-2,µg/L,NonWFD,Pharmaceutical,Not specified,,
1-chloro-2-nitrobenzene,CAS_88-73-3,µg/L,NonWFD,Industrial Chemical,Not specified,,
1-chloro-4-nitrobenzene,CAS_100-00-5,µg/L,NonWFD,Industrial Chemical,Not specified,,
1-methylnaphthalene,CAS_90-12-0,µg/L,NonWFD,Industrial Chemical,Not specified,,
"2,2-dichloropropane",CAS_594-20-7,µg/L,NonWFD,Industrial Chemical,Not specified,,
"2,3,4,5-tetrachlorophenol",CAS_4901-51-3,µg/L,NonWFD,Industrial Chemical,Not specified,,
"2,3,4,6-tetrachlorophenol",CAS_58-90-2,µg/L,NonWFD,Industrial Chemical,Not specified,,
"2,3-dimethyl-phenol",CAS_526-75-0,µg/L,NonWFD,Industrial Chemical,Not specified,,
"2,4,5-T",CAS_93-76-5,µg/L,NonWFD,Pesticide,Not specified,,
"2,4,5-trichlorophenol",CAS_95-95-4,µg/L,NonWFD,Pesticide,Not specified,,
"2,4,6-trichlorophenol",CAS_88-06-2,µg/L,NonWFD,Pesticide,Not specified,,
"2,4,6-trinitrotoluene",CAS_118-96-7,µg/L,NonWFD,Industrial Chemical,Explosive,,
"2,4,6-tri-tert-butylphenol",CAS_732-26-3,µg/L,NonWFD,Industrial Chemical,Not specified,,
"2,4-DB",CAS_94-82-6,µg/L,NonWFD,Pesticide,Not specified,,
"2,4-dichlorophenol",CAS_120-83-2,µg/L,NonWFD,Industrial Chemical,Not specified,,
"2,4-dichlorophenoxyacetic acid, 2-4 D",CAS_94-75-7,µg/L,NonWFD,Pesticide,Not specified,,
"2,4-dinitrotoluene",CAS_121-14-2,µg/L,NonWFD,Industrial Chemical,Not specified,,
"2,5-dimethylphenol",CAS_95-87-4,µg/L,NonWFD,Industrial Chemical,Not specified,,
"2,6-dichlorobenzamide",CAS_2008-58-4,µg/L,NonWFD,Pesticide,Not specified,,
"2,6-dichlorobenzoic acid",CAS_50-30-6,µg/L,NonWFD,Industrial Chemical,Not specified,,
"2,6-dichlorophenol",CAS_87-65-0,µg/L,NonWFD,Industrial Chemical,Not specified,,
"2,6-Ditert-butyl-4-methylphenol",CAS_128-37-0,µg/L,NonWFD,Industrial Chemical,Not specified,,
2-chloroaniline,CAS_95-51-2,µg/L,NonWFD,Industrial Chemical,Not specified,,
2-chloroethylphosphonic acid,CAS_16672-87-0,µg/L,NonWFD,Pesticide,Not specified,,
2-chlorophenol,CAS_95-57-8,µg/L,NonWFD,Industrial Chemical,Not specified,,
2-chlorotoluene,CAS_95-49-8,µg/L,NonWFD,Industrial Chemical,Not specified,,
2-Ethylhexyl 4-methoxycinnamate,CAS_5466-77-3,µg/L,NonWFD,Personal Care Product,Not specified,,
2-methylnaphthalene,CAS_91-57-6,µg/L,NonWFD,Industrial Chemical,Not specified,,
2-methyl-phenol,CAS_95-48-7,µg/L,NonWFD,Personal Care Product,Disinfectant,,
2-naphthol,CAS_135-19-3,µg/L,NonWFD,Industrial Chemical,Not specified,,
"3,4-dichloroaniline",CAS_95-76-1,µg/L,NonWFD,Industrial Chemical,Not specified,,
3-hydroxycarbofuran,CAS_16655-82-6,µg/L,NonWFD,Pesticide,Not specified,,
3-methyl-4-chlorophenol,CAS_59-50-7,µg/L,NonWFD,Personal Care Product,Disinfectant,,
4-bromophenyl phenyl ether,CAS_101-55-3,µg/L,NonWFD,Industrial Chemical,Flame retardant,,
4-chloro-2-methylphenol,CAS_1570-64-5,µg/L,NonWFD,Personal Care Product,Not specified,,
4-chlorotoluene,CAS_106-43-4,µg/L,NonWFD,Industrial Chemical,Not specified,,
4-isopropyltoluene,CAS_99-87-6,µg/L,NonWFD,Industrial Chemical,Not specified,,
4-methyl-phenol,CAS_106-44-5,µg/L,NonWFD,Industrial Chemical,Not specified,,
4-nonylphenol,CAS_104-40-5,µg/L,WFD,Industrial Chemical,Alkylphenol Surfactant,,
"4-nonylphenol, branched",CAS_84852-15-3,µg/L,WFD,Industrial Chemical,Alkylphenol Surfactant,0.3,AA EQS Inland
Acenaphthene,CAS_83-32-9,µg/L,NonWFD,Industrial Chemical,Not specified,,
Acenaphthylene,CAS_208-96-8,µg/L,NonWFD,Industrial Chemical,Not specified,,
Acetochlor,CAS_34256-82-1,µg/L,NonWFD,Pesticide,Not specified,,
Acetochlor ESA,CAS_187022-11-3,µg/L,NonWFD,Pesticide,Not specified,,
Acetochlor OA,CAS_194992-44-4,µg/L,NonWFD,Pesticide,Not specified,,
Acid neutralizing capacity,EEA_3151-01-7,mmol/L,Quality parameter,Quality parameter,Not specified,,
Aclonifen,CAS_74070-46-5,µg/L,WFD,Pesticide,Not specified,0.12,AA EQS Inland
Acrylamide,CAS_79-06-1,µg/L,NonWFD,Industrial Chemical,Not specified,,
Alachlor,CAS_15972-60-8,µg/L,WFD,Pesticide,Not specified,0.3,AA EQS Inland
Alachlor ESA,CAS_142363-53-9,µg/L,NonWFD,Pesticide,Not specified,,
Alachlor OA,CAS_171262-17-2,µg/L,NonWFD,Pesticide,Not specified,,
Aldrin,CAS_309-00-2,µg/L,WFD,Pesticide,Not specified,0.1,AA EQS Inland
Alkalinity,EEA_3153-02-4,mg/L,Quality parameter,Quality parameter,Not specified,,
Alpha-Chlordan,CAS_5103-71-9,µg/L,NonWFD,Pesticide,Not specified,,
Alpha-Endosulfan,CAS_959-98-8,µg/L,NonWFD,Pesticide,Not specified,,
Alpha-HCH,CAS_319-84-6,µg/L,NonWFD,Pesticide,Not specified,,
Aluminium and its compounds,CAS_7429-90-5,µg/L,NonWFD,Heavy Metal,Not specified,,
Ametryn,CAS_834-12-8,µg/L,NonWFD,Pesticide,Not specified,,
Aminomethylphosphonic acid (AMPA),CAS_1066-51-9,µg/L,NonWFD,Pesticide,Not specified,,
Ammonium,CAS_14798-03-9,mg[NH4]/L,Quality parameter,Quality parameter,Not specified,0.15,
Amoxicillin,CAS_26787-78-0,µg/L,NonWFD,Pharmaceutical,Not specified,,
Aniline,CAS_62-53-3,µg/L,NonWFD,Industrial Chemical,Not specified,,
Anthracene,CAS_120-12-7,µg/L,WFD,Industrial Chemical,Polycyclic Aromatic Carbon (PAH),0.1,AA EQS Inland
Antimony,CAS_7440-36-0,µg/L,NonWFD,Industrial Chemical,Flame retardant,,
AOX,CAS_59473-04-0,µg/L,Quality parameter,Quality parameter,Not specified,,
Arsenic and its compounds,CAS_7440-38-2,µg/L,NonWFD,Heavy Metal,Not specified,,
Atenolol,CAS_29122-68-7,µg/L,NonWFD,Pharmaceutical,Not specified,,
Atrazine,CAS_1912-24-9,µg/L,WFD,Pesticide,Not specified,0.6,AA EQS Inland
Azinphos-ethyl,CAS_2642-71-9,µg/L,NonWFD,Pesticide,Not specified,,
Azinphos-methyl,CAS_86-50-0,µg/L,NonWFD,Pesticide,Not specified,,
Azitromycin,CAS_83905-01-5,µg/L,NonWFD,Pharmaceutical,Not specified,,
Barium,CAS_7440-39-3,µg/L,NonWFD,Pharmaceutical,Contrasting agent,,
"BDE 100 (2,2’,4,4’,6-pentabromodiphenyl ether)",CAS_189084-64-8,µg/L,NonWFD,Industrial Chemical,Flame retardant,,
"BDE 138 (2,2’,3,4,4’,5’-hexabromodiphenyl ether)",CAS_182677-30-1,µg/L,NonWFD,Industrial Chemical,Flame retardant,,
"BDE 153 (2,2’,4,4’,5,5’-hexabromodiphenyl ether)",CAS_68631-49-2,µg/L,NonWFD,Industrial Chemical,Flame retardant,,
"BDE 154 (2,2’,4,4’,5,6’-hexabromodiphenyl ether)",CAS_207122-15-4,µg/L,NonWFD,Industrial Chemical,Flame retardant,,
BDE 183  (Heptabromodiphenylether),CAS_68928-80-3,µg/L,NonWFD,Industrial Chemical,Flame retardant,,
"BDE 28 (2,4,4'-tribromodiphenyl ether)",CAS_41318-75-6,µg/L,NonWFD,Industrial Chemical,Flame retardant,,
"BDE 47 (2,2’,4,4’-tetrabromodiphenyl ether)",CAS_5436-43-1,µg/L,NonWFD,Industrial Chemical,Flame retardant,,
"BDE 85 (2,2’,3,4,4’-pentabromodiphenyl ether)",CAS_182346-21-0,µg/L,NonWFD,Industrial Chemical,Flame retardant,,
"BDE 99 (2,2’,4,4’,5-pentabromodiphenyl ether)",CAS_60348-60-9,µg/L,NonWFD,Industrial Chemical,Flame retardant,,
Benfluralin,CAS_1861-40-1,µg/L,NonWFD,Pesticide,Not specified,,
Bentazone,CAS_25057-89-0,µg/L,NonWFD,Pesticide,Not specified,,
Benzene,CAS_71-43-2,µg/L,WFD,Industrial Chemical,Not specified,10,AA EQS Inland
Benzo(a)anthracene,CAS_56-55-3,µg/L,NonWFD,Industrial Chemical,Polycyclic Aromatic Carbon (PAH),,
Benzo(a)pyrene,CAS_50-32-8,µg/L,WFD,Industrial Chemical,Not specified,0.00017,AA EQS Inland
Benzo(b)fluoranthene,CAS_205-99-2,µg/L,WFD,Industrial Chemical,Not specified,0.00017,AA EQS Inland
"Benzo(g,h,i)perylene",CAS_191-24-2,µg/L,WFD,Industrial Chemical,Not specified,0.00017,AA EQS Inland
Benzo(k)fluoranthene,CAS_207-08-9,µg/L,WFD,Industrial Chemical,Not specified,0.00017,AA EQS Inland
Benzo[e]pyrene,CAS_192-97-2,µg/L,NonWFD,Industrial Chemical,Polycyclic Aromatic Carbon (PAH),,
Benzol,EEA_33-02-3,µg/L,NonWFD,Industrial Chemical,Not specified,,
Benzosulfonazole,CAS_95-16-9,µg/L,NonWFD,Personal Care Product,Disinfectant,,
Benzotriazol,CAS_95-14-7,µg/L,NonWFD,Personal Care Product,Not specified,,
Beryllium,CAS_7440-41-7,µg/L,NonWFD,Heavy Metal,Not specified,,
Beta-Endosulfan,CAS_33213-65-9,µg/L,NonWFD,Pesticide,Not specified,,
Beta-HCH,CAS_319-85-7,µg/L,NonWFD,Pesticide,Not specified,,
Bezafibrate,CAS_41859-67-0,µg/L,NonWFD,Pharmaceutical,Not specified,,
Bifenox,CAS_42576-02-3,µg/L,WFD,Pesticide,Not specified,0.012,AA EQS Inland
Bis(pentabromophenyl) ether,CAS_1163-19-5,µg/L,NonWFD,Industrial Chemical,Not specified,,
Bisphenol A,CAS_80-05-7,µg/L,NonWFD,Industrial Chemical,Not specified,,
BOD5,EEA_3133-01-5,mg[O2]/L,Quality parameter,Quality parameter,Not specified,3 - 6,OECD
BOD7,EEA_3133-02-6,mg[O2]/L,Quality parameter,Quality parameter,Not specified,,
Boron,CAS_7440-42-8,µg/L,NonWFD,Industrial Chemical,Explosive,,
Bromacil,CAS_314-40-9,µg/L,NonWFD,Pesticide,Not specified,,
Bromide,CAS_24959-67-9,µg/L,NonWFD,Personal Care Product,Disinfectant,,
"Brominated diphenylethers (congener numbers 28, 47, 99, 100, 153 and 154)",EEA_32-04-2,µg/L,WFD,Industrial Chemical,Polybrominated diphenyl ethers (PBDEs),0.14,MAC EQS Inland
Bromobenzene,CAS_108-86-1,µg/L,NonWFD,Industrial Chemical,Not specified,,
Bromochloromethane,CAS_74-97-5,µg/L,NonWFD,Industrial Chemical,Flame retardant,,
Bromodichloromethane,CAS_75-27-4,µg/L,NonWFD,Industrial Chemical,Flame retardant,,
Bromoform,CAS_75-25-2,µg/L,NonWFD,Industrial Chemical,Not specified,,
Bromomethane,CAS_74-83-9,µg/L,NonWFD,Pesticide,Not specified,,
Bromophos,CAS_2104-96-3,µg/L,NonWFD,Pesticide,Not specified,,
Bromoxynil,CAS_1689-84-5,µg/L,NonWFD,Pesticide,Not specified,,
Bromoxynil octanoate,CAS_1689-99-2,µg/L,NonWFD,Pesticide,Not specified,,
Bronopol,CAS_52-51-7,µg/L,NonWFD,Pesticide,Not specified,,
Butyl benzyl phthalate (BBP),CAS_85-68-7,µg/L,NonWFD,Industrial Chemical,Phtalate,,
Cadmium and its compounds,CAS_7440-43-9,µg/L,WFD,Heavy Metal,Not specified,0.25,AA EQS Inland
Cadusafos,CAS_95465-99-9,µg/L,NonWFD,Pesticide,Not specified,,
Caffeine,CAS_58-08-2,µg/L,NonWFD,Personal Care Product,Not specified,,
Calcium,CAS_7440-70-2,mg/L,NonWFD,Quality parameter,Not specified,,
Captan,CAS_133-06-2,µg/L,NonWFD,Pesticide,Not specified,,
Carbamazepin,CAS_298-46-4,µg/L,NonWFD,Pharmaceutical,Not specified,,
Carbendazim,CAS_10605-21-7,µg/L,NonWFD,Pesticide,Not specified,,
Carbetamide,CAS_16118-49-3,µg/L,NonWFD,Pesticide,Not specified,,
Carbofuran,CAS_1563-66-2,µg/L,NonWFD,Pesticide,Not specified,,
Carbon tetrachloride,CAS_56-23-5,µg/L,WFD,Industrial Chemical,Not specified,12,AA EQS Inland
Chlordane,CAS_57-74-9,µg/L,NonWFD,Pesticide,Not specified,,
Chlordecone (Kepone),CAS_143-50-0,µg/L,NonWFD,Pesticide,Not specified,,
Chlorfenvinphos,CAS_470-90-6,µg/L,WFD,Pesticide,Not specified,0.1,AA EQS Inland
Chloridazon,CAS_1698-60-8,µg/L,NonWFD,Pesticide,Not specified,,
Chloridazon desphenyl,CAS_6339-19-1,µg/L,NonWFD,Pesticide,Not specified,,
Chloridazon methyl desphenyl,CAS_17254-80-7,µg/L,NonWFD,Pesticide,Not specified,,
Chloride,CAS_16887-00-6,mg/L,Quality parameter,Quality parameter,Not specified,,
Chlorinated benzene,EEA_33-06-7,µg/L,NonWFD,Industrial Chemical,Not specified,,
Chlorine Cl-,EEA_3142-02-7,mg/L,Quality parameter,Quality parameter,Not specified,200,
Chloroacetic acid,CAS_79-11-8,µg/L,NonWFD,Industrial Chemical,Not specified,,
Chloroalkanes C10-13,CAS_85535-84-8,µg/L,WFD,Industrial Chemical,Not specified,0.4,AA EQS Inland
Chlorobenzene,CAS_108-90-7,µg/L,NonWFD,Industrial Chemical,Not specified,,
Chloroethene (vinylchloride),CAS_75-01-4,µg/L,NonWFD,Industrial Chemical,Not specified,,
Chlorophyll a,EEA_3164-01-0,µg/L,Quality parameter,Quality parameter,Not specified,50,
Chlorpyrifos,CAS_2921-88-2,µg/L,WFD,Pesticide,Not specified,0.03,AA EQS Inland
Chlorpyrifos-methyl,CAS_5598-13-0,µg/L,NonWFD,Pesticide,Not specified,,
Chlorsulfuron,CAS_64902-72-3,µg/L,NonWFD,Pesticide,Not specified,,
Chlorthiamid,CAS_1918-13-4,µg/L,NonWFD,Pesticide,Not specified,,
Chlortoluron,CAS_15545-48-9,µg/L,NonWFD,Pesticide,Not specified,,
Chromium (III),EEA_33-08-9,µg/L,NonWFD,Heavy Metal,Not specified,,
Chromium (VI),CAS_18540-29-9,µg/L,NonWFD,Heavy Metal,Not specified,,
Chromium and its compounds,CAS_7440-47-3,µg/L,NonWFD,Heavy Metal,Not specified,,
Chromium trioxide (CrO3),CAS_1333-82-0,µg/L,NonWFD,Industrial Chemical,Not specified,,
Chrysene,CAS_218-01-9,µg/L,NonWFD,Industrial Chemical,Polycyclic Aromatic Carbon (PAH),,
Ciprofloxacin,CAS_85721-33-1,µg/L,NonWFD,Pharmaceutical,Antibiotic,,
"cis-1,2-dichloroethene",CAS_156-59-2,µg/L,NonWFD,Industrial Chemical,Not specified,,
"cis-1,3-dichloropropene",CAS_10061-01-5,µg/L,NonWFD,Pesticide,Not specified,,
Clarithromycin,CAS_81103-11-9,µg/L,NonWFD,Pharmaceutical,Antibiotic,,
Clopyralid,CAS_1702-17-6,µg/L,NonWFD,Pesticide,Not specified,,
Clothianidin,CAS_210880-92-5,µg/L,NonWFD,Pesticide,Not specified,,
Cobalt and its compounds,CAS_7440-48-4,µg/L,NonWFD,Heavy Metal,Not specified,,
CODCr,EEA_3133-03-7,mg[O2]/L,Quality parameter,Quality parameter,Not specified,,
CODMn,EEA_3133-04-8,mg[O2]/L,Quality parameter,Quality parameter,Not specified,,
Copper and its compounds,CAS_7440-50-8,µg/L,NonWFD,Heavy Metal,Not specified,,
Cyanazine,CAS_21725-46-2,µg/L,NonWFD,Pesticide,Not specified,,
Cyanobacteria biomass,EEA_11-06-3,mg/L,Quality parameter,Quality parameter,Not specified,,
Cybutryne,CAS_28159-98-0,µg/L,WFD,Personal Care Product,Disinfectant,0.0025,AA EQS Inland
Cypermethrin,CAS_52315-07-8,µg/L,WFD,Pesticide,Not specified,0.00008,AA EQS Inland
Dalapon,CAS_75-99-0,µg/L,NonWFD,Pesticide,Not specified,,
"DDT, o,p'",CAS_789-02-6,µg/L,NonWFD,Pesticide,Not specified,,
"DDT, p,p'",CAS_50-29-3,µg/L,WFD,Pesticide,Not specified,0.01,AA EQS Inland
Deisopropyldeethylatrazine,CAS_3397-62-4,µg/L,NonWFD,Pesticide,Not specified,,
Delta-HCH,CAS_319-86-8,µg/L,NonWFD,Pesticide,Not specified,,
Demeton-S-methyl,CAS_919-86-8,µg/L,NonWFD,Pesticide,Not specified,,
Demeton-S-methylsulfon,CAS_17040-19-6,µg/L,NonWFD,Pesticide,Not specified,,
Desamino-diketo-metribuzin,CAS_52236-30-3,µg/L,NonWFD,Pesticide,Not specified,,
Desethylatrazine,CAS_6190-65-4,µg/L,NonWFD,Pesticide,Not specified,,
Desethylterbuthylazine,CAS_30125-63-4,µg/L,NonWFD,Pesticide,Not specified,,
Desisopropylatrazine,CAS_1007-28-9,µg/L,NonWFD,Pesticide,Not specified,,
Desmedipham,CAS_13684-56-5,µg/L,NonWFD,Pesticide,Not specified,,
Desmetryn,CAS_1014-69-3,µg/L,NonWFD,Pesticide,Not specified,,
Detergents,EEA_33-09-0,µg/L,Quality parameter,Quality parameter,Not specified,,
Di(2-ethylhexyl)phthalate (DEHP),CAS_117-81-7,µg/L,WFD,Industrial Chemical,Polyvinyl chloride (PVC),1.3,AA EQS Inland
Diazinon,CAS_333-41-5,µg/L,NonWFD,Pesticide,Not specified,,
"Dibenzo(a,h)anthracene",CAS_53-70-3,µg/L,NonWFD,Industrial Chemical,Polycyclic Aromatic Carbon (PAH),,
Dibromochlorometane,CAS_124-48-1,µg/L,NonWFD,Industrial Chemical,Not specified,,
Dibromomethane,CAS_74-95-3,µg/L,NonWFD,Industrial Chemical,Not specified,,
Dibutylphthalate,CAS_84-74-2,µg/L,NonWFD,Industrial Chemical,Not specified,,
Dibutyltin,CAS_1002-53-5,µg/L,NonWFD,Industrial Chemical,Not specified,,
Dicamba,CAS_1918-00-9,µg/L,NonWFD,Pesticide,Not specified,,
Dichlobenil,CAS_1194-65-6,µg/L,NonWFD,Pesticide,Not specified,,
Dichlorobenzene,EEA_33-10-3,µg/L,NonWFD,Pesticide,Not specified,,
Dichlorodifluoromethane,CAS_75-71-8,µg/L,NonWFD,Industrial Chemical,CFC refrigerant,,
Dichloromethane,CAS_75-09-2,µg/L,WFD,Industrial Chemical,Not specified,20,AA EQS Inland
Dichlorophenol,EEA_33-11-4,µg/L,NonWFD,Industrial Chemical,Not specified,,
"Dichlorprop (2,4-DP)",CAS_120-36-5,µg/L,NonWFD,Pesticide,Not specified,,
Dichlorprop-P,CAS_15165-67-0,µg/L,NonWFD,Pesticide,Not specified,,
Dichlorvos,CAS_62-73-7,µg/L,WFD,Pesticide,Not specified,0.0006,AA EQS Inland
Diclofenac,CAS_15307-86-5,µg/L,NonWFD,Pharmaceutical,Not specified,,
Diclofenac sodium,CAS_15307-79-6,µg/L,NonWFD,Pharmaceutical,Not specified,,
Dicofol,CAS_115-32-2,µg/L,WFD,Pesticide,Not specified,0.0013,AA EQS Inland
Dieldrin,CAS_60-57-1,µg/L,WFD,Pesticide,Not specified,0.01,AA EQS Inland
Di-ethyl phthalate,CAS_84-66-2,µg/L,NonWFD,Industrial Chemical,Not specified,,
Diethyltoluamide (DEET),CAS_134-62-3,µg/L,NonWFD,Pesticide,Not specified,,
Diflufenican,CAS_83164-33-4,µg/L,NonWFD,Pesticide,Not specified,,
Di-iso-butyl phthalate,CAS_84-69-5,µg/L,NonWFD,Industrial Chemical,Not specified,,
Diketo-metribuzin,CAS_56507-37-0,µg/L,NonWFD,Pesticide,Not specified,,
Dimethachlor,CAS_50563-36-5,µg/L,NonWFD,Pesticide,Not specified,,
Dimethoate,CAS_60-51-5,µg/L,NonWFD,Pesticide,Not specified,,
Dimethyl phthalate,CAS_131-11-3,µg/L,NonWFD,Industrial Chemical,Not specified,,
Dimoxystrobin,CAS_149961-52-4,µg/L,NonWFD,Pesticide,Not specified,,
Dinitro-o-cresol (DNOC),CAS_534-52-1,µg/L,NonWFD,Pesticide,Not specified,,
Dinoseb,CAS_88-85-7,µg/L,NonWFD,Pesticide,Not specified,,
Dipentyl phthalate,CAS_131-18-0,µg/L,NonWFD,Industrial Chemical,Not specified,,
Dipropyl phthalate,CAS_131-16-8,µg/L,NonWFD,Industrial Chemical,Not specified,,
Dissolved organic carbon (DOC),EEA_3133-05-9,mg[C]/L,Quality parameter,Quality parameter,Not specified,,
Dissolved oxygen,EEA_3132-01-2,mg/L,Quality parameter,Quality parameter,Not specified,5 - 12,OECD
Disulfoton,CAS_298-04-4,µg/L,NonWFD,Pesticide,Not specified,,
Diuron,CAS_330-54-1,µg/L,WFD,Pesticide,Not specified,0.2,AA EQS Inland
DOX,EEA_33-13-6,µg/L,NonWFD,Pesticide,Not specified,,
EDTA,CAS_60-00-4,µg/L,NonWFD,Pharmaceutical,Not specified,,
Electrical conductivity,EEA_3142-01-6,µS/cm,Quality parameter,Quality parameter,Not specified,,
Endosulfan,CAS_115-29-7,µg/L,WFD,Pesticide,Not specified,0.005,AA EQS Inland
Endosulfan sulfate,CAS_1031-07-8,µg/L,NonWFD,Pesticide,Not specified,,
Endrin,CAS_72-20-8,µg/L,WFD,Pesticide,Not specified,0.1,AA EQS Inland
Epichlorohydrin,CAS_106-89-8,µg/L,NonWFD,Industrial Chemical,Not specified,,
Epoxiconazole,CAS_133855-98-8,µg/L,NonWFD,Pesticide,Not specified,,
Epsilon-HCH,CAS_6108-10-7,µg/L,NonWFD,Pesticide,Not specified,,
Erythromycin,CAS_114-07-8,µg/L,NonWFD,Pharmaceutical,Antibiotic,,
Estrone (E1),CAS_53-16-7,µg/L,NonWFD,Pharmaceutical,Hormone,,
Ethanimidamide,CAS_135410-20-7,µg/L,NonWFD,Industrial Chemical,Not specified,,
Ethion,CAS_563-12-2,µg/L,NonWFD,Pesticide,Not specified,,
Ethofumesate,CAS_26225-79-6,µg/L,NonWFD,Pesticide,Not specified,,
Ethoprophos,CAS_13194-48-4,µg/L,NonWFD,Pesticide,Not specified,,
Ethylbenzene,CAS_100-41-4,µg/L,NonWFD,Industrial Chemical,Not specified,,
Ethylenethiourea (ETU),CAS_96-45-7,µg/L,NonWFD,Industrial Chemical,Not specified,,
Extractable organically bound chlorine,EEA_33-14-7,µg/L,Quality parameter,Quality parameter,Not specified,,
Fenamiphos,CAS_22224-92-6,µg/L,NonWFD,Pesticide,Not specified,,
Fenazaquin,CAS_120928-09-8,µg/L,NonWFD,Pesticide,Not specified,,
Fenbutatin oxide,CAS_13356-08-6,µg/L,NonWFD,Pesticide,Not specified,,
Fenchlorphos,CAS_299-84-3,µg/L,NonWFD,Pesticide,Not specified,,
Fenitrothion,CAS_122-14-5,µg/L,NonWFD,Pesticide,Not specified,,
Fenoprop,CAS_93-72-1,µg/L,NonWFD,Pesticide,Not specified,,
Fenpropimorph,CAS_67564-91-4,µg/L,NonWFD,Pesticide,Not specified,,
Fenthion,CAS_55-38-9,µg/L,NonWFD,Pesticide,Not specified,,
Fluconazole,CAS_86386-73-4,µg/L,NonWFD,Pharmaceutical,Not specified,,
Flufenacet,CAS_142459-58-3,µg/L,NonWFD,Pesticide,Not specified,,
Fluoranthene,CAS_206-44-0,µg/L,WFD,Industrial Chemical,Polycyclic Aromatic Carbon (PAH),0.0063,AA EQS Inland
Fluorene,CAS_86-73-7,µg/L,NonWFD,Industrial Chemical,Polycyclic Aromatic Carbon (PAH),,
Fluoride,CAS_16984-48-8,µg/L,NonWFD,Personal Care Product,Not specified,,
Fluorine,CAS_7782-41-4,µg/L,NonWFD,Industrial Chemical,Not specified,,
Fluquinconazole,CAS_136426-54-5,µg/L,NonWFD,Pesticide,Not specified,,
Fonofos,CAS_944-22-9,µg/L,NonWFD,Pesticide,Not specified,,
Formaldehyde,CAS_50-00-0,µg/L,NonWFD,Industrial Chemical,Not specified,,
Free cyanide,CAS_57-12-5,µg/L,NonWFD,Quality parameter,Not specified,,
Gamma-HCH (Lindane),CAS_58-89-9,µg/L,NonWFD,Pesticide,Not specified,,
Glyphosate,CAS_1071-83-6,µg/L,NonWFD,Pesticide,Not specified,,
Halogenated organic compounds,EEA_33-15-8,µg/L,NonWFD,Industrial Chemical,Not specified,,
Hardness,EEA_31-01-6,mg[CaCO3]/L,Quality parameter,Quality parameter,Not specified,,
Heptachlor,CAS_76-44-8,µg/L,NonWFD,Pesticide,Not specified,,
Heptachlor and heptachlor epoxide,EEA_33-50-1,µg/L,NonWFD,Pesticide,Not specified,,
Heptachlor epoxide,CAS_1024-57-3,µg/L,NonWFD,Pesticide,Not specified,,
Hexabromocyclododecanes (HBCDD),EEA_33-57-8,µg/L,WFD,Pesticide,Not specified,0.0016,AA EQS Inland
Hexachlorobenzene,CAS_118-74-1,µg/L,WFD,Pesticide,Not specified,0.05,MAC EQS Inland
Hexachlorobutadiene,CAS_87-68-3,µg/L,WFD,Industrial Chemical,Not specified,0.6,MAC EQS Inland
Hexachlorocyclohexane,CAS_608-73-1,µg/L,WFD,Industrial Chemical,Polyhalogenated Organic Compounds,0.02,AA EQS Inland
Hexachlorocyclopentadiene (HCCP),CAS_77-47-4,µg/L,NonWFD,Industrial Chemical,Not specified,,
Hexachloroethane,CAS_67-72-1,µg/L,NonWFD,Industrial Chemical,Not specified,,
Hexazinone,CAS_51235-04-2,µg/L,NonWFD,Pesticide,Not specified,,
Hydrocarbons,EEA_33-17-0,µg/L,NonWFD,Industrial Chemical,Not specified,,
Hydrogen Carbonate (Bicarbonate) HCO3,CAS_71-52-3,mg/L,Quality parameter,Quality parameter,Not specified,,
Hydrogen cyanide,CAS_74-90-8,µg/L,NonWFD,Industrial Chemical,Not specified,,
Hydrogen sulphide,CAS_7783-06-4,mg[S]/L,NonWFD,Industrial Chemical,Not specified,,
Hydroxyatrazine,CAS_2163-68-0,µg/L,NonWFD,Pesticide,Not specified,,
Hydroxysimazine,CAS_2599-11-3,µg/L,NonWFD,Pharmaceutical,Not specified,,
Hydroxyterbuthylazine,CAS_66753-07-9,µg/L,NonWFD,Pesticide,Not specified,,
Ibuprofen,CAS_15687-27-1,µg/L,NonWFD,Pharmaceutical,Not specified,,
Imazalil,CAS_35554-44-0,µg/L,NonWFD,Pesticide,Not specified,,
Imidacloprid,CAS_138261-41-3,µg/L,NonWFD,Pesticide,Not specified,,
Imidacloprid (Watch list only alternative code),CAS_105827-78-9,µg/L,NonWFD,Pesticide,Not specified,,
"Indeno(1,2,3-cd)pyrene",CAS_193-39-5,µg/L,WFD,Industrial Chemical,Polycyclic Aromatic Carbon (PAH),0.00017,AA EQS Inland
Iodofenphos,CAS_18181-70-9,µg/L,NonWFD,Pesticide,Not specified,,
Ioxynil,CAS_1689-83-4,µg/L,NonWFD,Pesticide,Not specified,,
Iron and its compounds,CAS_7439-89-6,µg/L,NonWFD,Heavy Metal,Not specified,,
Isobenzane,CAS_297-78-9,µg/L,NonWFD,Pesticide,Not specified,,
Isodrin,CAS_465-73-6,µg/L,WFD,Pesticide,Not specified,0.1,AA EQS Inland
Isoetides presence,EEA_123-07-9,[presence],Quality parameter,Quality parameter,Not specified,,
Isopropylbenzene,CAS_98-82-8,µg/L,NonWFD,Industrial Chemical,Not specified,,
Isoproturon,CAS_34123-59-6,µg/L,WFD,Pesticide,Pesticide,0.3,AA EQS Inland
Kjeldahl nitrogen,EEA_3161-01-1,mg[N]/L,Quality parameter,Quality parameter,Not specified,,
Lead and its compounds,CAS_7439-92-1,µg/L,WFD,Heavy Metal,Heavy Metal,1.2,AA EQS Inland
Lenacil,CAS_2164-08-1,µg/L,NonWFD,Heavy Metal,Not specified,,
Linuron,CAS_330-55-2,µg/L,NonWFD,Pesticide,Not specified,,
Lithium,CAS_7439-93-2,µg/L,NonWFD,Pharmaceutical,Not specified,,
Magnesium,CAS_7439-95-4,mg/L,NonWFD,Pharmaceutical,Not specified,,
Malathion,CAS_121-75-5,µg/L,NonWFD,Pesticide,Not specified,,
Manganese and its compounds,CAS_7439-96-5,µg/L,NonWFD,Heavy Metal,Not specified,,
MCPA,CAS_94-74-6,µg/L,NonWFD,Pesticide,Not specified,,
MCPB,CAS_94-81-5,µg/L,NonWFD,Pesticide,Not specified,,
Mecoprop,CAS_7085-19-0,µg/L,NonWFD,Pesticide,Not specified,,
Mecoprop-P (MCPP-P),CAS_16484-77-8,µg/L,NonWFD,Pesticide,Not specified,,
Mercury and its compounds,CAS_7439-97-6,µg/L,WFD,Heavy Metal,Heavy Metal,0.07,MAC EQS Inland
Meta xylene + para xylene,EEA_33-18-1,µg/L,NonWFD,Industrial Chemical,Not specified,,
Metaflumizone,CAS_139968-49-3,µg/L,NonWFD,Pesticide,Not specified,,
Metalaxyl,CAS_57837-19-1,µg/L,NonWFD,Pesticide,Not specified,,
Metalaxyl-M,CAS_70630-17-0,µg/L,NonWFD,Pesticide,Not specified,,
Metamitron,CAS_41394-05-2,µg/L,NonWFD,Pesticide,Not specified,,
Metazachlor,CAS_67129-08-2,µg/L,NonWFD,Pesticide,Not specified,,
Metazachlor ESA,CAS_172960-62-2,µg/L,NonWFD,Pesticide,Not specified,,
Metazachlor OA,CAS_1231244-60-2,µg/L,NonWFD,Pesticide,Not specified,,
Metconazole,CAS_125116-23-6,µg/L,NonWFD,Pesticide,Not specified,,
Methabenzthiazuron,CAS_18691-97-9,µg/L,NonWFD,Pesticide,Not specified,,
Methamidophos,CAS_10265-92-6,µg/L,NonWFD,Pesticide,Not specified,,
Methidathion,CAS_950-37-8,µg/L,NonWFD,Pesticide,Not specified,,
Methiocarb,CAS_2032-65-7,µg/L,NonWFD,Pesticide,Not specified,,
Methomyl,CAS_16752-77-5,µg/L,NonWFD,Pesticide,Not specified,,
Methoxychlor,CAS_72-43-5,µg/L,NonWFD,Pesticide,Not specified,,
Methylbenzotriazol,CAS_136-85-6,µg/L,NonWFD,Personal Care Product,Not specified,,
Metobromuron,CAS_3060-89-7,µg/L,NonWFD,Pesticide,Not specified,,
Metolachlor,CAS_51218-45-2,µg/L,NonWFD,Pesticide,Not specified,,
Metolachlor ESA,CAS_171118-09-5,µg/L,NonWFD,Pesticide,Not specified,,
Metolachlor OA,CAS_152019-73-3,µg/L,NonWFD,Pesticide,Not specified,,
Metoprolol,CAS_37350-58-6,µg/L,NonWFD,Pharmaceutical,Not specified,,
Metoxuron,CAS_19937-59-8,µg/L,NonWFD,Pesticide,Not specified,,
Metribuzin,CAS_21087-64-9,µg/L,NonWFD,Pesticide,Not specified,,
Metsulfuronmethyl,CAS_74223-64-6,µg/L,NonWFD,Pesticide,Not specified,,
Mevinphos,CAS_7786-34-7,µg/L,NonWFD,Pesticide,Not specified,,
Microcystin,CAS_77238-39-2,µg/L,NonWFD,Bacteria,Not specified,,
Mirex,CAS_2385-85-5,µg/L,NonWFD,Pesticide,Not specified,,
Molinate,CAS_2212-67-1,µg/L,NonWFD,Pesticide,Not specified,,
Molybdenum and its compounds,CAS_7439-98-7,µg/L,NonWFD,Heavy Metal,Not specified,,
Mono basic phenols,EEA_33-19-2,µg/L,NonWFD,Industrial Chemical,Not specified,,
Monolinuron,CAS_1746-81-2,µg/L,NonWFD,Pesticide,Not specified,,
MTBE,CAS_1634-04-4,µg/L,NonWFD,Industrial Chemical,Not specified,,
Musk xylene,CAS_81-15-2,µg/L,NonWFD,Personal Care Product,Not specified,,
M-xylene,CAS_108-38-3,µg/L,NonWFD,Industrial Chemical,Not specified,,
Myclobutanil,CAS_88671-89-0,µg/L,NonWFD,Pesticide,Not specified,,
Naphthalene,CAS_91-20-3,µg/L,WFD,Industrial Chemical,Polycyclic Aromatic Carbon (PAH),2,AA EQS Inland
"Naphthalene, chloro derivatives",CAS_70776-03-3,µg/L,NonWFD,Industrial Chemical,Not specified,,
Naproxen,CAS_22204-53-1,µg/L,NonWFD,Pharmaceutical,Not specified,,
n-butylbenzene,CAS_104-51-8,µg/L,NonWFD,Industrial Chemical,Not specified,,
Nickel and its compounds,CAS_7440-02-0,µg/L,WFD,Heavy Metal,Heavy Metal,4,AA EQS Inland
Nicosulfuron,CAS_111991-09-4,µg/L,NonWFD,Pesticide,Not specified,,
Nitrate,CAS_14797-55-8,mg[NO3]/L,Quality parameter,Quality parameter,Not specified,50,NitrateDirective
Nitrate to orthophosphate ratio,EEA_3164-08-7,[massRatio],Quality parameter,Quality parameter,Not specified,,
Nitrite,CAS_14797-65-0,mg[NO2]/L,Quality parameter,Quality parameter,Not specified,0.02,
Nitrobenzene,CAS_98-95-3,µg/L,NonWFD,Industrial Chemical,Not specified,,
Nitrophen,CAS_1836-75-5,µg/L,NonWFD,Industrial Chemical,Not specified,,
Nitrophenol,CAS_100-02-7,µg/L,NonWFD,Industrial Chemical,Not specified,,
Non-ionised ammonia,EEA_31613-01-1,mg[NH3]/L,Quality parameter,Quality parameter,Not specified,,
Nonylphenol,CAS_25154-52-3,µg/L,WFD,Industrial Chemical,Alkylphenol Surfactant,,
Nonylphenol and nonylphenol ethoxylates (NP + NPEs),EEA_33-59-0,µg/L,NonWFD,Industrial Chemical,Not specified,,
n-propylbenzene,CAS_103-65-1,µg/L,NonWFD,Industrial Chemical,Not specified,,
NTA,CAS_139-13-9,µg/L,NonWFD,Industrial Chemical,Not specified,,
"o,p'-DDD",CAS_53-19-0,µg/L,NonWFD,Pesticide,Not specified,,
"o,p'-DDE",CAS_3424-82-6,µg/L,NonWFD,Pesticide,Not specified,,
Octabromodiphenyl ether,CAS_32536-52-0,µg/L,NonWFD,Industrial Chemical,Flame retardant,,
Octylphenol,CAS_1806-26-4,µg/L,WFD,Industrial Chemical,Alkylphenol,,
"Octylphenol (4-(1,1',3,3'-tetramethylbutyl)-phenol)",CAS_140-66-9,µg/L,WFD,Industrial Chemical,Alkylphenol,0.1,AA EQS Inland
"Octylphenols (CAS 1806-26-4) including isomer 4-(1,1',3,3'-tetramethylbutyl)-phenol (CAS 140-66-9)",EEA_33-55-6,µg/L,NonWFD,Industrial Chemical,Not specified,,
Oil fractions (C10-40),EEA_33-22-7,µg/L,Quality parameter,Quality parameter,Not specified,,
Omethoate,CAS_1113-02-6,µg/L,NonWFD,Pesticide,Not specified,,
Oxadiazon,CAS_19666-30-9,µg/L,NonWFD,Pesticide,Not specified,,
Oxyfluorfen,CAS_42874-03-3,µg/L,NonWFD,Pesticide,Not specified,,
Oxygen saturation,EEA_3131-01-9,%,Quality parameter,Quality parameter,Not specified,,
O-xylene,CAS_95-47-6,µg/L,NonWFD,Industrial Chemical,Not specified,,
"p,p'-DDD",CAS_72-54-8,µg/L,NonWFD,Pesticide,Not specified,,
"p,p'-DDE",CAS_72-55-9,µg/L,NonWFD,Pesticide,Not specified,,
Parathion,CAS_56-38-2,µg/L,NonWFD,Pesticide,Not specified,,
Parathion-methyl,CAS_298-00-0,µg/L,NonWFD,Pesticide,Not specified,,
"PCB 101 (2,2’,4,5,5’-pentachlorobiphenyl)",CAS_37680-73-2,µg/L,NonWFD,Industrial Chemical,Polychlorinated Biphenyl (PCB),,
"PCB 105 (2,3,3’,4,4’-pentachlorobiphenyl)",CAS_32598-14-4,µg/L,NonWFD,Industrial Chemical,Polychlorinated Biphenyl (PCB),,
"PCB 114 (2,3,4,4',5-pentachlorobiphenyl)",CAS_74472-37-0,µg/L,NonWFD,Industrial Chemical,Polychlorinated Biphenyl (PCB),,
"PCB 118 (2,3’,4,4’,5-pentachlorobiphenyl)",CAS_31508-00-6,µg/L,NonWFD,Industrial Chemical,Polychlorinated Biphenyl (PCB),,
"PCB 123 (1,2,3-trichloro-5-(2,4-dichlorophenyl)benzene)",CAS_65510-44-3,µg/L,NonWFD,Industrial Chemical,Polychlorinated Biphenyl (PCB),,
"PCB 126 (3,3’,4,4’,5-pentachlorobiphenyl)",CAS_57465-28-8,µg/L,NonWFD,Industrial Chemical,Polychlorinated Biphenyl (PCB),,
"PCB 138 (2,2’,3,4,4’,5’-hexachlorobiphenyl)",CAS_35065-28-2,µg/L,NonWFD,Industrial Chemical,Polychlorinated Biphenyl (PCB),,
"PCB 153 (2,2’,4,4’,5,5’-hexachlorobiphenyl)",CAS_35065-27-1,µg/L,NonWFD,Industrial Chemical,Polychlorinated Biphenyl (PCB),,
"PCB 156 (2,3,3’,4,4’,5-hexachlorobiphenyl)",CAS_38380-08-4,µg/L,NonWFD,Industrial Chemical,Polychlorinated Biphenyl (PCB),,
"PCB 157 (2,3,3’,4,4’,5’-hexachlorobiphenyl)",CAS_69782-90-7,µg/L,NonWFD,Industrial Chemical,Polychlorinated Biphenyl (PCB),,
"PCB 167 (1,2,3-trichloro-5-(2,4,5-trichlorophenyl)benzene)",CAS_52663-72-6,µg/L,NonWFD,Industrial Chemical,Polychlorinated Biphenyl (PCB),,
"PCB 169 (3,3’,4,4’,5,5’-hexachlorobiphenyl)",CAS_32774-16-6,µg/L,NonWFD,Industrial Chemical,Polychlorinated Biphenyl (PCB),,
"PCB 170 (1,2,3,4-tetrachloro-5-(2,3,4-trichlorophenyl)benzene)",CAS_35065-30-6,µg/L,NonWFD,Industrial Chemical,Polychlorinated Biphenyl (PCB),,
"PCB 180 (2,2’,3,4,4’,5,5’-heptachlorobiphenyl)",CAS_35065-29-3,µg/L,NonWFD,Industrial Chemical,Polychlorinated Biphenyl (PCB),,
"PCB 189 (1,2,3,4-tetrachloro-5-(3,4,5-trichlorophenyl)benzene)",CAS_39635-31-9,µg/L,NonWFD,Industrial Chemical,Polychlorinated Biphenyl (PCB),,
"PCB 194 (1,2,3,4-tetrachloro-5-(2,3,4,5-tetrachlorophenyl)benzene)",CAS_35694-08-7,µg/L,NonWFD,Industrial Chemical,Polychlorinated Biphenyl (PCB),,
"PCB 209 (5,5’,6,6’-decachlorobiphenyl)",CAS_2051-24-3,µg/L,NonWFD,Industrial Chemical,Polychlorinated Biphenyl (PCB),,
"PCB 28 (2,4,4’-trichlorobiphenyl)",CAS_7012-37-5,µg/L,NonWFD,Industrial Chemical,Polychlorinated Biphenyl (PCB),,
"PCB 52 (2,2’,5,5’-tetrachlorobiphenyl)",CAS_35693-99-3,µg/L,NonWFD,Industrial Chemical,Polychlorinated Biphenyl (PCB),,
"PCB 77 (3,3’,4,4’-tetrachlorobiphenyl)",CAS_32598-13-3,µg/L,NonWFD,Industrial Chemical,Polychlorinated Biphenyl (PCB),,
"PCB 81 (3,4,4',5-tetrachlorobiphenyl)",CAS_70362-50-4,µg/L,NonWFD,Industrial Chemical,Polychlorinated Biphenyl (PCB),,
Pendimethalin,CAS_40487-42-1,µg/L,NonWFD,Pesticide,Not specified,,
Pentabromodiphenylether,CAS_32534-81-9,µg/L,NonWFD,Industrial Chemical,Flame retardant,,
Pentabromoethylbenzene,CAS_85-22-3,µg/L,NonWFD,Industrial Chemical,Flame retardant,,
Pentachloroanisole,CAS_1825-21-4,µg/L,NonWFD,Industrial Chemical,Pentachlorophenol (PCP),,
Pentachlorobenzene,CAS_608-93-5,µg/L,WFD,Industrial Chemical,Chlorinated Aromatic Carbon,0.007,AA EQS Inland
Pentachlorophenol,CAS_87-86-5,µg/L,WFD,Pesticide,Not specified,0.4,AA EQS Inland
Perfluorooctane sulfonic acid (PFOS) and its derivatives,CAS_1763-23-1,µg/L,WFD,Industrial Chemical,Surfactant,0.00065,AA EQS Inland
Permethrin-cis+trans,CAS_52645-53-1,µg/L,NonWFD,Pesticide,Not specified,,
PFOA,CAS_335-67-1,µg/L,NonWFD,Industrial Chemical,Perfluorinated Alkylated Substances (PFAS),,
pH,EEA_3152-01-0,[pH],Quality parameter,Quality parameter,Not specified,6 - 8.5,
Phenanthrene,CAS_85-01-8,µg/L,NonWFD,Industrial Chemical,Polycyclic Aromatic Carbon (PAH),,
Phenol,CAS_108-95-2,µg/L,NonWFD,Personal Care Product,Disinfectant,,
Phenols,CAS_64743-03-9,µg/L,NonWFD,Personal Care Product,Disinfectant,,
Phosalone,CAS_2310-17-0,µg/L,NonWFD,Pesticide,Not specified,,
Phosphate,CAS_14265-44-2,mg[P]/L,Quality parameter,Quality parameter,Not specified,,
Phosphorothioic acid,CAS_38260-54-7,µg/L,NonWFD,Industrial Chemical,Not specified,,
Phoxim,CAS_14816-18-3,µg/L,NonWFD,Pharmaceutical,Not specified,,
Picolinafen,CAS_137641-05-5,µg/L,NonWFD,Pesticide,Not specified,,
Pirimicarb,CAS_23103-98-2,µg/L,NonWFD,Pesticide,Not specified,,
Pirimiphos-methyl,CAS_29232-93-7,µg/L,NonWFD,Pesticide,Not specified,,
Polychlorinated biphenyls,CAS_1336-36-3,µg/L,NonWFD,Industrial Chemical,Polychlorinated Biphenyl (PCB),,
"Polychlorinated biphenyls(7 PCB: 28,52,101,118,138,153,180)",EEA_33-38-5,µg/L,NonWFD,Industrial Chemical,Not specified,,
Potassium,CAS_7440-09-7,mg/L,NonWFD,Pharmaceutical,Not specified,,
Prochloraz,CAS_67747-09-5,µg/L,NonWFD,Pesticide,Not specified,,
Procymidone,CAS_32809-16-8,µg/L,NonWFD,Pesticide,Not specified,,
Prometon,CAS_1610-18-0,µg/L,NonWFD,Pesticide,Not specified,,
Prometryn,CAS_7287-19-6,µg/L,NonWFD,Pesticide,Not specified,,
Propachlor,CAS_1918-16-7,µg/L,NonWFD,Pesticide,Not specified,,
Propazine,CAS_139-40-2,µg/L,NonWFD,Pesticide,Not specified,,
Propetamphos,CAS_31218-83-4,µg/L,NonWFD,Pesticide,Not specified,,
Propiconazole,CAS_60207-90-1,µg/L,NonWFD,Pesticide,Not specified,,
Propyzamide,CAS_23950-58-5,µg/L,NonWFD,Pesticide,Not specified,,
Prosulfocarb,CAS_52888-80-9,µg/L,NonWFD,Pesticide,Not specified,,
P-xylene,CAS_106-42-3,µg/L,NonWFD,Industrial Chemical,Not specified,,
Pyrene,CAS_129-00-0,µg/L,NonWFD,Industrial Chemical,Polycyclic Aromatic Carbon (PAH),,
Pyridate,CAS_55512-33-9,µg/L,NonWFD,Pharmaceutical,Not specified,,
Pyrimethanil,CAS_53112-28-0,µg/L,NonWFD,Pesticide,Not specified,,
Quinoxyfen,CAS_124495-18-7,µg/L,WFD,Pesticide,Not specified,0.15,AA EQS Inland
Quintozene,CAS_82-68-8,µg/L,NonWFD,Pesticide,Not specified,,
Sebuthylazine,CAS_7286-69-3,µg/L,NonWFD,Pesticide,Not specified,,
Secbumeton,CAS_26259-45-0,µg/L,NonWFD,Pesticide,Not specified,,
sec-butylbenzene,CAS_135-98-8,µg/L,NonWFD,Industrial Chemical,Not specified,,
Secchi depth,EEA_3111-01-1,m,Quality parameter,Quality parameter,Not specified,,
Selenium and its compounds,CAS_7782-49-2,µg/L,NonWFD,Heavy metal,Not specified,,
Silicate,EEA_3163-01-7,mg[Si]/L,Quality parameter,Quality parameter,Not specified,,
Silver,CAS_7440-22-4,µg/L,NonWFD,Heavy metal,Not specified,,
Simazine,CAS_122-34-9,µg/L,WFD,Pesticide,Not specified,1,AA EQS Inland
Sodium,CAS_7440-23-5,mg/L,NonWFD,Industrial Chemical,Not specified,,
Strontium,CAS_7440-24-6,µg/L,NonWFD,Industrial Chemical,Not specified,,
Styrene,CAS_100-42-5,µg/L,NonWFD,Industrial Chemical,Not specified,,
Sulcotrione,CAS_99105-77-8,µg/L,NonWFD,Pesticide,Not specified,,
Sulfamethoxazol,CAS_723-46-6,µg/L,NonWFD,Pharmaceutical,Antibiotic,,
Sulfosulfuron,CAS_141776-32-1,µg/L,NonWFD,Pesticide,Not specified,,
Sulphate,CAS_18785-72-3,mg/L,Quality parameter,Quality parameter,Not specified,250,
Surfactants (anionic),EEA_33-29-4,µg/L,Quality parameter,Quality parameter,Not specified,,
TAME,CAS_994-05-8,µg/L,NonWFD,Industrial Chemical,Not specified,,
Tebuconazole,CAS_107534-96-3,µg/L,NonWFD,Pesticide,Not specified,,
Tebufenozide,CAS_112410-23-8,µg/L,NonWFD,Pesticide,Not specified,,
Teradifon,CAS_116-29-0,µg/L,NonWFD,Pesticide,Not specified,,
Terbufos,CAS_13071-79-9,µg/L,NonWFD,Pesticide,Not specified,,
Terbumeton,CAS_33693-04-8,µg/L,NonWFD,Pesticide,Not specified,,
Terbuthylazine,CAS_5915-41-3,µg/L,NonWFD,Pesticide,Not specified,,
Terbutryn,CAS_886-50-0,µg/L,NonWFD,Pesticide,Not specified,,
tert-butylbenzene,CAS_98-06-6,µg/L,NonWFD,Industrial Chemical,Not specified,,
Tetrachloroethylene,CAS_127-18-4,µg/L,WFD,Personal Care Product,Not specified,10,AA EQS Inland
Thallium,CAS_7440-28-0,µg/L,NonWFD,Heavy Metal,Not specified,,
Thiacloprid,CAS_111988-49-9,µg/L,NonWFD,Pesticide,Not specified,,
Thiamethoxam,CAS_153719-23-4,µg/L,NonWFD,Pesticide,Not specified,,
Thifensulfuron-methyl,CAS_79277-27-3,µg/L,NonWFD,Pesticide,Not specified,,
Thiram,CAS_137-26-8,µg/L,NonWFD,Pesticide,Not specified,,
Tin and its compounds,CAS_7440-31-5,µg/L,NonWFD,Heavy Metal,Not specified,,
Titanium,CAS_7440-32-6,µg/L,NonWFD,Heavy Metal,Not specified,,
Toluene,CAS_108-88-3,µg/L,NonWFD,Industrial Chemical,Not specified,,
Tolyltriazole,CAS_13351-73-0,µg/L,NonWFD,Industrial Chemical,Not specified,,
Total cyanide,EEA_33-64-7,µg/L,NonWFD,Industrial Chemical,Not specified,,
Total cyclodiene pesticides (aldrin + dieldrin + endrin + isodrin),EEA_32-02-0,µg/L,NonWFD,Pesticide,Not specified,,
"Total DDD (DDD, o,p' + DDD, p,p')",EEA_33-32-9,µg/L,NonWFD,Pesticide,Not specified,,
"Total DDT (DDT, p,p' + DDT, o,p' + DDE, p,p' + DDD, p,p')",EEA_32-03-1,µg/L,WFD,Pesticide,Not specified,0.025,AA EQS Inland
Total dissolved solids,EEA_31-03-8,mg/L,Quality parameter,Quality parameter,Not specified,1000,
Total hydrocarbons,EEA_33-36-3,µg/L,NonWFD,Industrial Chemical,Not specified,,
Total inorganic nitrogen,EEA_3161-05-5,mg[N]/L,Quality parameter,Quality parameter,Not specified,,
Total nitrogen,EEA_31615-01-7,mg[N]/L,Quality parameter,Quality parameter,Not specified,9,
Total nitrogen to total phosphorus ratio,EEA_3164-07-6,[massRatio],Quality parameter,Quality parameter,Not specified,,
Total organic carbon (TOC),EEA_3133-06-0,mg[C]/L,Quality parameter,Quality parameter,Not specified,11,
Total organic nitrogen,EEA_3161-03-3,mg[N]/L,Quality parameter,Quality parameter,Not specified,2.5,
Total oxidised nitrogen,EEA_3161-02-2,mg[N]/L,Quality parameter,Quality parameter,Not specified,,
"Total PAHs (Benzo(a)pyrene, Benzo(b)fluoranthene, Benzo(k)fluoranthene, Benzo(ghi)perylene, Indeno(1,2,3-cd)pyrene)",EEA_33-56-7,µg/L,WFD,Industrial Chemical,Not specified,0.00017,AA EQS Inland
Total phosphorus,CAS_7723-14-0,mg[P]/L,Quality parameter,Quality parameter,Not specified,0.4,
Total phytoplankton biomass,EEA_11-05-2,mg/L,Quality parameter,Quality parameter,Not specified,,
Total suspended solids,EEA_31-02-7,mg/L,Quality parameter,Quality parameter,Not specified,,
Toxaphene,CAS_8001-35-2,µg/L,NonWFD,Pesticide,Not specified,,
"trans-1,2-dichloroethene",CAS_156-60-5,µg/L,NonWFD,Industrial Chemical,Not specified,,
"trans-1,3-dichloropropene",CAS_10061-02-6,µg/L,NonWFD,Pesticide,Not specified,,
Trans-chlordane,CAS_5103-74-2,µg/L,NonWFD,Pesticide,Not specified,,
trans-Nonachlor,CAS_39765-80-5,µg/L,NonWFD,Pesticide,Not specified,,
Tri-allate,CAS_2303-17-5,µg/L,NonWFD,Pesticide,Not specified,,
Triazophos,CAS_24017-47-8,µg/L,NonWFD,Pesticide,Not specified,,
Tributyltin-cation,CAS_36643-28-4,µg/L,WFD,Personal Care Product,Disinfectant,0.0002,AA EQS Inland
Trichlorobenzenes (all isomers),CAS_12002-48-1,µg/L,WFD,Industrial Chemical,Not specified,0.4,AA EQS Inland
Trichloroethylene,CAS_79-01-6,µg/L,WFD,Industrial Chemical,CFC refrigerant,10,
Trichlorofluoromethane,CAS_75-69-4,µg/L,NonWFD,Industrial Chemical,CFC refrigerant,,
Trichloromethane,CAS_67-66-3,µg/L,WFD,Industrial Chemical,Not specified,2.5,AA EQS Inland
Triclosan,CAS_3380-34-5,µg/L,NonWFD,Personal Care Product,Disinfectant,,
Trietazine,CAS_1912-26-1,µg/L,NonWFD,Pharmaceutical,Not specified,,
Trifluralin,CAS_1582-09-8,µg/L,WFD,Pesticide,Not specified,0.03,AA EQS Inland
Trimethoprim,CAS_738-70-5,µg/L,NonWFD,Pharmaceutical,Antibiotic,,
Triphenyltin and compounds,EEA_33-61-4,µg/L,NonWFD,Pesticide,Not specified,,
Tritium,CAS_10028-17-8,µg/L,NonWFD,Industrial Chemical,Not specified,,
Uranium,CAS_7440-61-1,µg/L,NonWFD,Heavy Metal,Not specified,,
Vanadium and its compounds,CAS_7440-62-2,µg/L,NonWFD,Heavy Metal,Not specified,,
Venlafaxine,CAS_93413-69-5,µg/L,NonWFD,Pharmaceutical,Serotonin and norepinephrine reuptake inhibitors (SNRI),,
Water temperature,EEA_3121-01-5,Cel,Quality parameter,Quality parameter,Not specified,,
Xylene,CAS_1330-20-7,µg/L,NonWFD,Industrial Chemical,Not specified,,
Zinc and its compounds,CAS_7440-66-6,µg/L,NonWFD,Heavy Metal,Not specified,,
Ziram,CAS_137-30-4,µg/L,NonWFD,Pesticide,Not specified,,
